Specimen 2,Specimen 2,Specimen 2,Specimen 2
Test time,Standard force,Strain,Grip to grip separation
s,N,mm,mm
0,25.07760048,0,37.15597226
0.1,25.4218998,0,37.15597226
0.199999999,24.67946815,0,37.15597226
0.3,24.7458744,0,37.15597226
0.399999999,24.80990028,0,37.15597226
0.5,25.12789345,0,37.15597226
0.6,25.13900185,0,37.15611982
0.699999999,25.67812538,0,37.15645623
0.8,26.39138222,-0.00015,37.15692376
0.89,27.50344276,-0.00015,37.15749788
0.949999999,28.88772011,-2.73132E-07,37.15794896
1,29.93459511,0,37.15839195
1.04,31.13772011,0.00015,37.15876149
1.08,32.36037445,0.000299727,37.15915488
1.109999999,33.74514008,0.0003,37.15948295
1.14,35.0439682,0.000449727,37.15980291
1.17,36.43849945,0.00045,37.16014766
1.199999999,37.59279633,0.000599727,37.16050052
1.23,39.07326508,0.0006,37.16087722
1.25,40.07326508,0.000749999,37.16113185
1.27,41.11818695,0.00075,37.16139411
1.3,42.47170258,0.000899727,37.16182136
1.33,43.86623383,0.001049999,37.16223907
1.35,44.99123383,0.00105,37.16254329
1.37,46.12599945,0.001199999,37.16284656
1.39,47.7470932,0.0012,37.16315841
1.409999999,49.3564682,0.0012,37.16347026
1.43,50.9424057,0.001499454,37.16378974
1.449999999,52.4892807,0.0015,37.16411018
1.47,54.0517807,0.0015,37.16444587
1.489999999,55.68849945,0.001649999,37.1647663
1.51,57.43849945,0.001799727,37.165102
1.529999999,59.19631195,0.0018,37.16543864
1.55,61.1455307,0.001949999,37.16577529
1.56,62.1533432,0.00195,37.16593932
1.58,63.84474945,0.002099999,37.16627597
1.6,65.6924057,0.0021,37.16661166
1.62,67.48537445,0.0021,37.16693973
1.63,68.64162445,0.002399454,37.16710376
1.649999999,70.40724945,0.0024,37.16744041
1.67,72.4111557,0.0024,37.16776084
1.689999999,74.42287445,0.002549727,37.16808891
1.71,76.3799057,0.002699998,37.16841697
1.72,77.4111557,0.0027,37.16858863
1.739999999,79.21193695,0.0027,37.16891669
1.76,81.0517807,0.002999454,37.16925334
1.779999999,82.79787445,0.003,37.16959762
1.8,84.4345932,0.003149727,37.16992664
1.819999999,86.0361557,0.00315,37.17027091
1.84,87.7705307,0.00315,37.17060756
1.859999999,89.3095932,0.003299999,37.17093562
1.88,90.8564682,0.0033,37.17127132
1.899999999,92.5283432,0.003449999,37.17159175
1.92,94.0205307,0.003599727,37.17192744
1.939999999,95.5752182,0.0036,37.17226409
1.96,97.33693695,0.003749727,37.17260074
1.98,99.1924057,0.003899726,37.17293739
2,101.086937,0.0039,37.17326545
2.01,102.1259995,0.0039,37.1734209
2.029999999,104.0517807,0.004049999,37.17376517
2.04,105.0830307,0.00405,37.17394637
2.05,106.1299057,0.00405,37.17411041
2.069999999,108.1924057,0.004199727,37.1744461
2.09,110.165062,0.004349998,37.17477416
2.109999999,112.0439682,0.004499727,37.17511081
2.12,113.0752182,0.004499999,37.17526721
2.13,114.1767807,0.0045,37.17543124
2.149999999,116.071312,0.0045,37.17575931
2.159999999,117.243187,0.004649727,37.17592334
2.18,119.0322495,0.00465,37.1762514
2.199999999,121.1533432,0.004799727,37.17657947
2.21,122.2236557,0.004799999,37.1767435
2.22,123.3330307,0.0048,37.17691611
2.23,124.3486557,0.004949727,37.17708778
2.25,126.2783432,0.00495,37.17742442
2.27,128.2783508,0.005099727,37.1777687
2.279999999,129.5127258,0.005099999,37.17794131
2.3,131.3486633,0.005249999,37.17826938
2.31,132.3564758,0.00525,37.17843341
2.33,134.0361633,0.005399727,37.17876147
2.34,135.0908508,0.005399999,37.17893409
2.359999999,136.8447571,0.0054,37.17927837
2.38,138.5439758,0.005549727,37.17961501
2.399999999,140.1338196,0.005699998,37.17993449
2.42,141.7314758,0.0057,37.18027114
2.439999999,143.3330383,0.0057,37.180624
2.46,144.9931946,0.005999998,37.18095206
2.48,146.8564758,0.006,37.18128871
2.5,148.6221008,0.006,37.18163299
2.51,149.6533508,0.006299454,37.18179702
2.529999999,151.4697571,0.0063,37.18210887
2.55,153.4541321,0.0063,37.18244456
2.569999999,155.4111633,0.0063,37.18277263
2.58,156.4267883,0.0063,37.18293761
2.59,157.6689758,0.0063,37.18309306
2.6,158.8799133,0.006449727,37.1832571
2.609999999,159.9580383,0.006449999,37.18342113
2.62,161.1767883,0.006599726,37.18358516
2.63,162.4658508,0.006599999,37.18375777
2.64,163.5439758,0.0066,37.18392944
2.649999999,164.6377258,0.0066,37.18409347
2.659999999,165.8017883,0.0066,37.18426608
2.67,166.9033508,0.0066,37.1844387
2.689999999,168.8408508,0.006749999,37.18476676
2.71,170.6025696,0.006899999,37.18510341
2.73,172.4033508,0.0069,37.18544769
2.739999999,173.4892883,0.007049727,37.18561172
2.76,175.3916321,0.00705,37.18593978
2.779999999,177.4072571,0.007199727,37.18628406
2.8,179.2197571,0.007349726,37.1866207
2.819999999,181.0478821,0.00735,37.18694877
2.84,182.8056946,0.00735,37.18729305
2.859999999,184.7900696,0.007499727,37.18761348
2.88,186.6846008,0.0075,37.18794917
2.899999999,188.3564758,0.007649999,37.1882944
2.92,190.3369446,0.007799727,37.18862247
2.939999999,191.9971008,0.0078,37.18895911
2.96,193.3760071,0.007949999,37.18929481
2.98,195.0869446,0.00795,37.18963145
3,196.7431946,0.008099727,37.1899681
3.02,198.3838196,0.0081,37.19028758
3.04,200.3017883,0.008249999,37.19062423
3.06,202.3096008,0.00825,37.19093608
3.08,204.1806946,0.008549454,37.19126415
3.09,205.2353821,0.008549998,37.19143581
3.1,206.3525696,0.00855,37.19159984
3.12,208.3447571,0.00855,37.1919279
3.14,210.4150696,0.008699999,37.19227313
3.149999999,211.5556946,0.0087,37.19243716
3.17,213.6572571,0.008849727,37.19278144
3.189999999,215.5674133,0.00885,37.19311809
3.21,217.4658508,0.008999727,37.19346236
3.22,218.5283508,0.008999999,37.1936264
3.23,219.6767883,0.009,37.19379043
3.25,221.7353821,0.009,37.19412708
3.26,222.8291321,0.009299453,37.19429111
3.279999999,224.8252258,0.0093,37.19461917
3.29,225.9814758,0.0093,37.1947832
3.31,227.9228821,0.009449999,37.19511985
3.319999999,228.9385071,0.00945,37.19529151
3.34,230.7510071,0.00945,37.19563674
3.359999999,232.6767883,0.009599727,37.19596481
3.38,234.6064758,0.0096,37.19631767
3.399999999,236.5010071,0.009749999,37.19665336
3.42,238.1650696,0.00975,37.19698142
3.439999999,239.8447571,0.009899999,37.19731044
3.46,241.4346008,0.0099,37.19762992
3.48,243.0088196,0.010049727,37.19795799
3.5,244.8447571,0.01005,37.19827842
3.52,246.7002258,0.010199727,37.1986227
3.54,248.5166321,0.010349725,37.19895076
3.56,250.3760071,0.01035,37.19928741
3.58,252.4306946,0.010649454,37.1996231
3.59,253.4306946,0.010649998,37.19978713
3.6,254.4463196,0.01065,37.19995116
3.62,256.3916321,0.01065,37.20029639
3.63,257.4463196,0.01065,37.20047664
3.64,258.5166321,0.01065,37.20064067
3.649999999,259.5947571,0.01065,37.2008047
3.67,261.6221008,0.010799998,37.20113277
3.689999999,263.5088196,0.0108,37.20146941
3.71,265.6689758,0.010949999,37.20178889
3.72,266.7783508,0.01095,37.20195293
3.73,267.7783508,0.011099727,37.20211696
3.739999999,268.8564758,0.011099999,37.20228957
3.76,270.7431946,0.011249727,37.20262622
3.77,271.7666321,0.011249999,37.20279025
3.79,273.7236633,0.011399727,37.20312595
3.81,275.4502258,0.0114,37.20347118
3.83,277.1728821,0.011549727,37.20380687
3.85,278.9502258,0.01155,37.20414352
3.859999999,280.0674133,0.01155,37.20430755
3.88,281.6806946,0.011699727,37.20463561
3.899999999,283.3877258,0.0117,37.20496368
3.92,285.0635071,0.011849998,37.20530032
3.939999999,286.6728821,0.011999999,37.2056198
3.96,288.2314758,0.012,37.20594882
3.98,290.0088196,0.012,37.20627689
4,291.6767883,0.012149999,37.20661258
4.02,293.3642883,0.0123,37.20694923
4.04,295.2939758,0.0123,37.20728587
4.06,296.7041321,0.012449998,37.20762157
4.08,298.2900696,0.012599727,37.20794963
4.1,300.0713196,0.0126,37.20828628
4.12,301.8252258,0.012749999,37.20863055
4.14,303.3486633,0.01275,37.20895099
4.149999999,304.3642883,0.01275,37.20911502
4.159999999,305.4189758,0.012899727,37.20927905
4.17,306.4267883,0.012899999,37.20944308
4.18,307.4267883,0.013049725,37.2096157
4.189999999,308.4814758,0.013049999,37.20977973
4.199999999,309.6064758,0.01305,37.20994376
4.22,311.5830383,0.01305,37.21028041
4.23,312.6924133,0.013199727,37.21045207
4.239999999,313.9892883,0.013199999,37.21063232
4.25,315.0830383,0.0132,37.21079635
4.26,316.1846008,0.0132,37.21096038
4.27,317.2627258,0.013349727,37.21112537
4.279999999,318.2939758,0.013499454,37.21129703
4.3,320.1064758,0.0135,37.21163367
4.31,321.2080383,0.0135,37.21180629
4.319999999,322.3642883,0.0135,37.21197795
4.33,323.4267883,0.013649727,37.21213435
4.34,324.5127258,0.013649999,37.21229839
4.359999999,326.3564758,0.01365,37.21261787
4.37,327.4033508,0.013799727,37.21279048
4.39,329.1416321,0.0138,37.21312618
4.409999999,330.9502258,0.013949727,37.21345519
4.43,332.5361633,0.01395,37.21378326
4.449999999,334.0517883,0.014249453,37.21412753
4.47,335.5908508,0.01425,37.2144556
4.489999999,337.4424133,0.014399727,37.21479987
4.51,339.1533508,0.0144,37.21512794
4.529999999,340.7197571,0.0144,37.215456
4.55,342.3838196,0.014699453,37.21579265
4.569999999,344.1064758,0.0147,37.21612071
4.59,345.5752258,0.0147,37.21645736
4.609999999,346.9502258,0.014849727,37.21678542
4.63,348.6338196,0.014999726,37.21711349
4.649999999,350.3681946,0.015,37.21745013
4.659999999,351.4306946,0.015,37.2176218
4.68,353.1533508,0.015149998,37.21795081
4.689999999,354.1846008,0.01515,37.21811485
4.699999999,355.2392883,0.01515,37.21827888
4.71,356.2861633,0.015299727,37.21843433
4.73,358.3760071,0.015449726,37.21879577
4.739999999,359.3760071,0.01545,37.2189598
4.76,361.2158508,0.015599727,37.21928786
4.779999999,363.2080383,0.0156,37.21963214
4.8,364.9385071,0.015749726,37.21995162
4.819999999,366.5361633,0.01575,37.22027206
4.84,368.2471008,0.015899999,37.22060012
4.859999999,369.9580383,0.016049728,37.22093677
4.88,371.7666321,0.01605,37.22126483
4.899999999,373.6064758,0.01605,37.22160053
4.92,375.3937378,0.0162,37.22193777
4.93,376.4015503,0.0162,37.22210943
4.949999999,378.0499878,0.016349999,37.22244608
4.97,379.7023315,0.0165,37.22277414
4.989999999,381.1710815,0.016649727,37.22311079
5.01,383.022644,0.016650001,37.22344648
5.029999999,384.3234253,0.016799727,37.22378313
5.05,386.0578003,0.016799999,37.22411119
5.069999999,387.5656128,0.016949726,37.22443163
5.09,389.1671753,0.017099997,37.22475969
5.109999999,390.6046753,0.017100001,37.22508775
5.13,392.413269,0.01725,37.22544061
5.149999999,393.9992065,0.01725,37.22576009
5.17,395.6867065,0.017549453,37.22610437
5.189999999,397.2374878,0.017550001,37.22643339
5.21,398.7335815,0.017699728,37.22677767
5.23,400.225769,0.0177,37.22710573
5.25,401.757019,0.017849999,37.22743379
5.27,403.4484253,0.017999727,37.22776186
5.279999999,404.4718628,0.017999999,37.22792589
5.3,406.350769,0.01815,37.22825395
5.319999999,408.2179565,0.01815,37.2285906
5.34,410.0031128,0.018299999,37.22891866
5.359999999,411.9093628,0.018449727,37.22925531
5.38,413.7648315,0.018599998,37.22959959
5.39,414.8585815,0.0186,37.22977983
5.409999999,416.7218628,0.0186,37.23011648
5.42,417.7218628,0.018749727,37.23028051
5.43,418.9562378,0.018899454,37.23045313
5.439999999,420.0031128,0.018899998,37.23060857
5.449999999,421.0109253,0.0189,37.23078119
5.47,422.835144,0.019049998,37.23110925
5.48,423.8585815,0.01905,37.23127329
5.5,425.5929565,0.019199999,37.23161756
5.51,426.6242065,0.019200001,37.23178159
5.529999999,428.3742065,0.019499999,37.23210203
5.55,430.100769,0.0195,37.23243772
5.569999999,432.069519,0.019649999,37.23276579
5.59,433.7609253,0.019799726,37.23310243
5.6,434.7765503,0.019799998,37.23326647
5.62,436.4679565,0.020099454,37.23360311
5.64,438.3429565,0.020099999,37.23393881
5.659999999,439.9015503,0.020249726,37.23428404
5.68,441.397644,0.02025,37.23460352
5.699999999,442.928894,0.020549454,37.23493158
5.72,444.4640503,0.02055,37.23525964
5.739999999,445.725769,0.020849453,37.23558866
5.76,447.3742065,0.020850001,37.23591673
5.779999999,449.3156128,0.020999728,37.23624479
5.8,451.1359253,0.021149727,37.23658907
5.819999999,453.1554565,0.021299727,37.23693334
5.83,454.3273315,0.021449454,37.23710596
5.84,455.444519,0.021449998,37.23726999
5.85,456.663269,0.02145,37.23743402
5.87,458.4484253,0.021749454,37.2377783
5.89,460.3156128,0.021749999,37.23811495
5.899999999,461.3468628,0.021899726,37.23827898
5.909999999,462.3703003,0.021899998,37.23844301
5.93,464.2062378,0.022049727,37.23877107
5.949999999,466.1085815,0.022349181,37.23909914
5.96,467.116394,0.022349996,37.23926317
5.98,469.0734253,0.02235,37.23959123
6,471.0578003,0.022649454,37.23992788
6.02,472.7804565,0.02265,37.24025594
6.04,474.5656128,0.022949453,37.24060022
6.06,476.3585815,0.023099996,37.24092924
6.08,478.1046753,0.023249999,37.24126493
6.1,479.8781128,0.023399727,37.24160158
6.109999999,480.8859253,0.023549454,37.24176561
6.13,482.835144,0.023699725,37.24209367
6.149999999,484.4992065,0.023700001,37.24242174
6.17,486.1124878,0.023999454,37.24275839
6.189999999,487.8078003,0.024,37.24307024
6.21,489.163269,0.024299998,37.24340593
6.23,490.710144,0.024449727,37.24374258
6.25,492.4874878,0.024599997,37.24407922
6.27,494.1242065,0.024899451,37.2444235
6.29,495.6437378,0.024900001,37.24476015
6.31,497.3429565,0.025199998,37.24510442
6.33,499.147644,0.025349999,37.24544107
6.35,500.5578003,0.025499728,37.24577676
6.37,502.1085815,0.025649998,37.24611341
6.39,503.5968628,0.025799727,37.24644148
6.409999999,505.1828003,0.025949998,37.24676954
6.43,506.678894,0.026099999,37.24710619
6.449999999,508.2062378,0.0264,37.24743425
6.47,509.7296753,0.026549727,37.2477709
6.489999999,511.225769,0.02684918,37.24811517
6.51,512.7648315,0.026999723,37.24845182
6.529999999,514.1984253,0.027149726,37.24878751
6.55,515.8312378,0.027449179,37.24912416
6.569999999,517.3781128,0.027599726,37.24945223
6.59,519.2140503,0.027749997,37.24978029
6.609999999,520.9093628,0.028049454,37.25010072
6.63,522.366394,0.028199725,37.25042879
6.649999999,523.803894,0.028349726,37.25074827
6.67,525.3429565,0.028649179,37.2510935
6.689999999,526.663269,0.028650001,37.25142919
6.71,527.866394,0.028949998,37.25176584
6.73,529.241394,0.029249454,37.25211012
6.75,530.4093628,0.029399997,37.25243818
6.77,531.6203003,0.02969945,37.25278341
6.8,533.1984253,0.029999452,37.25328314
6.819999999,534.288269,0.030149998,37.2536112
6.84,535.4367065,0.030449452,37.25394022
6.859999999,536.4503784,0.030599726,37.25427591
6.88,537.6535034,0.030749997,37.25461256
6.899999999,538.7472534,0.031049998,37.2549492
6.93,539.9933472,0.031349998,37.25544893
6.96,541.4718628,0.031649999,37.25595819
6.989999999,542.5734253,0.032099996,37.2564665
7.02,544.0402222,0.032399997,37.2569586
7.04,545.0421753,0.032699998,37.25728666
7.069999999,546.5792847,0.033149179,37.25777113
7.1,547.7472534,0.033599455,37.25827085
7.13,548.9347534,0.033899453,37.2587639
7.17,550.3117065,0.034349997,37.25944483
7.199999999,551.7277222,0.034799181,37.25995313
7.23,553.022644,0.03509945,37.26046144
7.26,554.4777222,0.035549585,37.26095354
7.29,555.7003784,0.035849996,37.26145422
7.319999999,556.8410034,0.036448903,37.2619549
7.35,557.8410034,0.036749445,37.26245558
7.38,558.9777222,0.037199449,37.26297151
7.409999999,560.257019,0.03749945,37.26347219
7.439999999,561.3370972,0.037949584,37.26398908
7.48,562.6740112,0.038399998,37.26464521
7.52,564.0646362,0.038999997,37.26529371
7.56,565.4035034,0.039449997,37.26594125
7.6,566.4396362,0.040049724,37.26662218
7.64,567.694519,0.040649451,37.2673031
7.67,568.763855,0.041099451,37.26780378
7.71,569.9591675,0.041699313,37.26846849
7.76,571.0890503,0.042449452,37.26928865
7.8,572.2033081,0.042899452,37.26996195
7.84,573.3810425,0.043499999,37.27063429
7.89,574.4298706,0.044249587,37.27147924
7.939999999,575.4821167,0.044999454,37.2722994
7.989999999,576.6720581,0.045599997,37.27311956
8.029999999,577.7335815,0.046199858,37.27378427
8.08,578.760437,0.046949182,37.2746216
8.14,580.0255127,0.047849312,37.275622
8.199999999,581.194458,0.048749454,37.27660619
8.25,582.2032471,0.049499586,37.27745115
8.31,583.5025635,0.050399587,37.27846014
8.359999999,584.5621338,0.051149998,37.27930509
8.42,585.5958252,0.052049454,37.28029024
8.48,586.6231689,0.052949179,37.28129064
8.529999999,587.7652588,0.053849455,37.28213559
8.58,588.8277588,0.054450002,37.28295575
8.649999999,589.9105225,0.05564918,37.28411256
8.699999999,590.9647217,0.056399181,37.28494988
8.77,592.0128174,0.057449315,37.2861229
8.87,592.8575439,0.059249852,37.28777181
8.939999999,593.9783936,0.059999861,37.28893624
9.029999999,595.0917969,0.061349727,37.29045449
9.1,596.2047119,0.06254945,37.29160272
9.14,597.2437744,0.063149452,37.29226743
9.239999999,598.2315674,0.064798906,37.29393254
9.3,599.3394775,0.065699451,37.29491673
9.399999999,600.2443848,0.067199454,37.29659043
9.489999999,601.364624,0.06869863,37.29810868
9.529999999,602.3675537,0.069298901,37.29878102
9.609999999,603.6126709,0.070499308,37.30010186
9.699999999,604.7037354,0.071849711,37.30160294
9.779999999,605.741394,0.07305,37.30292378
9.84,606.885437,0.074099451,37.30392419
9.899999999,608.2042847,0.074999176,37.30494176
10,608.8527222,0.076499999,37.30659094
10.1,610.0269775,0.078000002,37.30827227
10.15,611.0352783,0.078899726,37.3091096
10.23,612.1126709,0.080099456,37.31041327
10.33,612.9400635,0.081899039,37.31209555
10.42,613.9854126,0.083099455,37.31359664
10.52,615.0142212,0.084749863,37.31528655
10.62,616.0087891,0.086249858,37.31694403
10.7,617.1040039,0.087599307,37.31824771
10.8,617.7404785,0.088949449,37.31993857
10.87,618.8601074,0.089999996,37.32111159
10.92,619.9187012,0.090898901,37.32194796
11.02,620.7930298,0.09224999,37.32363024
11.1,621.9321899,0.093450002,37.32495013
11.17,622.9568481,0.094799861,37.32610694
11.27,623.585144,0.096299179,37.32778922
11.34,624.7008667,0.097349994,37.32896224
11.44,625.5917358,0.09899918,37.33064356
11.54,626.1721802,0.100499995,37.33229247
11.61,627.2493286,0.101698905,37.33344927
11.68,628.4675903,0.102749854,37.33463946
11.78,629.3726196,0.10439945,37.33628836
11.88,630.1998901,0.10589917,37.33796969
11.98,630.4928589,0.107549176,37.33962718
12.08,631.3275146,0.109049998,37.34128371
12.16,632.4071045,0.110399581,37.34262076
12.26,633.3883057,0.112049311,37.34428683
12.34,634.3989868,0.1131,37.34563151
12.44,635.1729126,0.114899457,37.347289
12.54,635.8178101,0.116399452,37.34895411
12.63,636.8397827,0.117899314,37.35046378
12.73,637.3110962,0.119400002,37.35211268
12.8,638.3325806,0.120599456,37.35329428
12.9,638.8866577,0.122398227,37.3549346
13,639.7138672,0.12389823,37.35660067
13.09,640.793457,0.125249445,37.35812655
13.19,641.3084106,0.126749441,37.35976687
13.29,641.7849121,0.128399998,37.36143199
13.38,642.8118286,0.129900128,37.36291686
13.48,643.5737915,0.131399721,37.36461535
13.58,644.2904663,0.132899731,37.36627188
13.68,645.2680054,0.134549186,37.36793795
13.78,645.3479004,0.136199459,37.36959448
13.88,646.2490234,0.13784945,37.37126818
13.98,646.6350708,0.139349177,37.37294188
14.08,647.0916138,0.140999317,37.374607
14.18,647.8649292,0.142649859,37.37627307
14.28,648.4951782,0.144150004,37.37791339
14.38,649.3157349,0.145799994,37.3796033
14.48,649.9926147,0.147449449,37.38127699
14.58,650.2932739,0.149099857,37.38293353
14.67,651.3484497,0.150599182,37.38443556
14.77,652.1938477,0.152099997,37.3860921
14.87,652.5338745,0.153749987,37.38777438
14.97,652.9725952,0.155399859,37.3894472
15.04,654.1303101,0.156450003,37.3906288
15.14,654.7095337,0.158099592,37.39228629
15.24,655.267334,0.15974918,37.39394282
15.34,655.7333984,0.161399856,37.3956251
15.44,656.1375122,0.163049445,37.39729021
15.52,657.1411743,0.164249718,37.39865206
15.61,658.2488403,0.165749729,37.40011214
15.71,658.5421753,0.167249992,37.40180205
15.81,659.1260376,0.169049576,37.40345095
15.91,659.6225586,0.170699865,37.40513323
16.01,660.2294922,0.172349453,37.40679835
16.11,660.7588501,0.17385,37.40845583
16.21,661.3936157,0.175499991,37.41012095
16.29,662.4133911,0.176699996,37.41144179
16.39,663.3601074,0.178499863,37.4131317
16.49,663.8585815,0.180149853,37.41478918
16.59,664.1054688,0.181799859,37.41646193
16.69,664.6774292,0.183300003,37.418128
16.79,665.1471558,0.184949994,37.4197769
16.89,665.9734497,0.1866,37.42144965
16.99,666.8165283,0.188398764,37.42310713
17.09,667.2940063,0.189899996,37.42478941
17.19,667.8248291,0.191549852,37.42643832
17.29,668.7810059,0.193199456,37.42810343
17.39,669.5379639,0.194849446,37.42975233
17.49,670.1240234,0.196349457,37.43143366
17.59,669.9848022,0.198149443,37.43311594
17.69,670.4420776,0.199649185,37.43476485
17.79,671.3916016,0.201299995,37.43643855
17.89,671.3582764,0.202949449,37.43808745
17.99,672.0704346,0.204598904,37.43976878
18.09,672.7504272,0.206100002,37.44143389
18.19,673.4824829,0.207749858,37.44310759
18.29,673.3070679,0.20924972,37.44474886
18.37,674.3341064,0.210599989,37.44609354
18.47,674.8401489,0.212249726,37.44777583
18.57,675.1348267,0.214048639,37.44944952
18.67,675.4349365,0.215399727,37.45111464
18.77,675.8726196,0.21704945,37.45275496
18.87,676.4906006,0.218699172,37.45444487
18.97,676.6466064,0.22034958,37.45610236
19.07,676.645752,0.221999452,37.45779227
19.17,677.2285767,0.223649174,37.45944975
19.27,678.0839233,0.225299865,37.46111487
19.37,678.463562,0.226799995,37.46278857
19.47,678.7943726,0.228300005,37.46446227
19.57,679.102478,0.230099171,37.46614359
19.67,678.3825073,0.231599182,37.46777628
19.74,679.4247437,0.232649446,37.46896552
19.84,679.7241211,0.2342989,37.47063063
19.94,680.4371338,0.235799998,37.47229679
20.04,680.913208,0.237299994,37.4739619
20.14,680.4587402,0.238799721,37.47561844
20.24,681.5755615,0.24059917,37.47729214
20.34,681.5548096,0.242099732,37.47894962
20.44,682.4991455,0.243599996,37.48063095
20.54,682.2681274,0.245399177,37.48227985
20.64,682.6154785,0.246899188,37.48396976
20.74,683.1366577,0.248549864,37.48561867
20.84,683.5273438,0.250199586,37.48730095
20.94,683.1186523,0.251849174,37.48894985
21.04,684.0490723,0.253349304,37.49059875
21.14,684.4463501,0.254999727,37.49228866
21.24,684.7185669,0.256649852,37.49392898
21.34,685.0255737,0.25829944,37.49560268
21.44,685.930481,0.259799987,37.49725159
21.54,686.4360962,0.261449993,37.4989415
21.64,685.9898071,0.26309973,37.50059898
21.74,686.5980225,0.264899462,37.50228031
21.84,686.4428711,0.266399741,37.50392921
21.94,687.0511475,0.26789999,37.50559528
22.04,687.354126,0.269549996,37.5072604
22.14,687.6693726,0.271348625,37.5089341
22.24,688.0361938,0.27284959,37.51060779
22.34,688.0425415,0.274499714,37.51223953
22.44,688.3151855,0.275999993,37.51393802
22.54,689.2229004,0.277799189,37.51561172
22.64,688.5,0.279449165,37.51727684
22.74,689.3590088,0.280949175,37.51892574
22.84,689.2537842,0.282599717,37.52059944
22.94,689.649292,0.284249187,37.52228077
23.04,689.1942749,0.285899997,37.52394684
23.14,689.8445435,0.287399709,37.52562816
23.24,690.0767212,0.289198905,37.52727707
23.34,689.8349609,0.290849179,37.52895935
23.44,690.06073,0.292349577,37.53062446
23.54,690.0322876,0.293999165,37.53230579
23.64,689.9761963,0.295649856,37.53395469
23.74,690.6759033,0.297298908,37.53561981
23.84,690.690918,0.298799723,37.53730209
23.94,691.4276123,0.300449461,37.53895958
24.04,690.9746094,0.302100003,37.54063232
24.14,690.8753052,0.303749442,37.54228123
24.24,691.0511475,0.305398911,37.54396351
24.34,691.3414307,0.306899995,37.54561241
24.44,691.5058594,0.308549732,37.54729374
24.54,691.5484619,0.310498208,37.54895122
24.64,691.3311768,0.31199944,37.55062492
24.74,691.2074585,0.313649446,37.55229862
24.84,691.3560791,0.315299451,37.55395515
24.94,691.5418701,0.316799998,37.55562885
25.04,691.2680664,0.318450004,37.55726983
25.14,690.5518799,0.320099741,37.55894352
25.24,691.2321167,0.321899176,37.56060864
25.34,691.4057007,0.323549986,37.56227376
25.44,690.9512939,0.325199991,37.56391503
25.54,690.7685547,0.326849461,37.56560494
25.64,690.5507202,0.328649163,37.56727864
25.74,690.3310547,0.33044821,37.56894375
25.84,690.3167725,0.331949711,37.57060887
25.94,690.5491943,0.333749026,37.57224919
26.04,689.8352661,0.33524999,37.5739391
26.14,689.5402222,0.337049454,37.57559659
26.24,689.3131104,0.338848621,37.57727887
26.34,688.4310303,0.340350002,37.57891919
26.44,687.8654785,0.342000008,37.58059289
26.54,686.6895752,0.343799442,37.58226658
26.64,686.5314331,0.345599174,37.58393933
26.74,686.0791626,0.347249866,37.5856054
26.82,684.9351807,0.348748237,37.58692624
26.92,684.7958984,0.350249171,37.58860756
27.02,683.9935913,0.352049172,37.59028126
27.12,684.3307495,0.353699595,37.59195496
27.21,683.3058472,0.355199993,37.59344746
27.31,682.8257446,0.356849998,37.59510495
27.41,682.2035522,0.358649731,37.59679486
27.51,681.6791382,0.360299736,37.59845234
27.6,680.6481323,0.361949444,37.59997822
27.67,679.6107788,0.363149166,37.60112645
27.77,679.3457642,0.364799172,37.60280015
27.87,678.1925659,0.366599441,37.60446526
27.96,677.0276489,0.367949992,37.60596634
28.02,676.0159302,0.368999988,37.6069677
28.07,674.9944458,0.37004891,37.60780407
28.17,673.9910278,0.371549994,37.60944535
28.27,673.2972412,0.373349577,37.61112668
28.37,672.3635864,0.37514919,37.61277558
28.47,671.378479,0.376799732,37.61446549
28.57,670.4532471,0.378599435,37.61611439
28.67,669.8244019,0.380249172,37.61778809
28.76,668.6477051,0.381749451,37.61929776
28.85,667.4467163,0.383249462,37.62078263
28.95,667.2785034,0.385049194,37.62245633
29.01,666.0665894,0.386099309,37.62344815
29.11,665.5834351,0.387749851,37.62509705
29.21,664.6754761,0.389399439,37.62677933
29.31,664.1312866,0.391199172,37.62843682
29.4,662.9815063,0.392848223,37.6299379
29.5,662.1362915,0.394349724,37.6315868
29.58,661.0236206,0.395849854,37.63293244
29.64,659.9971313,0.396899462,37.63394906
29.71,658.9229126,0.398099989,37.63510586
29.81,658.2192993,0.399599999,37.63677098
29.89,657.0838623,0.401248902,37.6381004
29.98,656.0691528,0.40259999,37.63958554
30.08,655.5351563,0.404249996,37.64127545
30.14,654.4462891,0.405449867,37.64226727
30.24,653.8564453,0.407249302,37.64392476
30.34,653.2457886,0.408899844,37.64558987
30.42,652.2214355,0.410248905,37.6469193
30.52,651.4698486,0.412049174,37.64860921
30.57,650.4122314,0.412799716,37.64943795
30.64,649.3418579,0.414149165,37.65060239
30.74,648.7744751,0.415799975,37.65228467
30.84,648.3500977,0.417450011,37.65391736
30.94,647.5918579,0.419249445,37.65560727
31.03,646.4602661,0.420749575,37.65710838
31.13,646.3585815,0.422549188,37.65878208
31.23,645.2723999,0.424050003,37.66046341
31.33,644.5407104,0.425999314,37.66210373
31.43,644.2074585,0.427648902,37.66378601
31.53,643.2562256,0.429449439,37.66545112
31.63,642.5222168,0.431099445,37.66714962
31.71,641.4074707,0.432449847,37.66845424
31.81,640.7476807,0.433950007,37.67011936
31.91,639.7747803,0.435749441,37.67180069
32.01,639.3681641,0.437549442,37.67345817
32.11,638.6643066,0.439199299,37.67513187
32.21,637.6982422,0.440849155,37.67678078
32.31,637.3101807,0.442499459,37.67847069
32.41,636.3778687,0.444299996,37.68011101
32.49,635.2924194,0.445499718,37.68146522
32.56,634.1404419,0.44669944,37.68263824
32.64,633.0881958,0.448199451,37.68394192
32.74,632.1036987,0.449849188,37.68563183
32.82,631.0299683,0.451199591,37.68695267
32.9,630.0065308,0.452549994,37.68828209
32.96,628.9518433,0.453599989,37.68929107
33.04,627.8536987,0.454949439,37.69061191
33.11,626.7282104,0.456299871,37.69176014
33.18,625.5852661,0.457349986,37.69294174
33.28,624.8851929,0.459148228,37.69459923
33.38,624.6722412,0.460799843,37.69627197
33.44,623.6099854,0.461849988,37.69727333
33.49,622.5181885,0.462749451,37.69809349
33.58,621.5077515,0.464249462,37.69959457
33.68,620.3892212,0.465900004,37.70127685
33.72,619.2866821,0.466500014,37.70194156
33.8,618.2369995,0.46799919,37.70327003
33.89,617.1986084,0.469649464,37.70477112
33.94,616.1395264,0.470400006,37.70559128
34.01,615.0299072,0.471749455,37.70674808
34.1,613.9443359,0.473249465,37.70827396
34.17,612.9384766,0.474449188,37.70943935
34.23,611.9284668,0.475499183,37.71043213
34.33,611.1901245,0.47729972,37.71210583
34.39,610.1124878,0.478348762,37.71309002
34.49,608.9950562,0.479999185,37.71476372
34.55,607.9398804,0.481049448,37.7157727
34.64,606.9005127,0.482549727,37.71727379
34.7,605.8306885,0.483748645,37.71828277
34.8,605.1167603,0.485399842,37.71994789
34.86,604.1067505,0.486449033,37.72092445
34.96,603.2805786,0.488099992,37.72260578
35.03,602.1535034,0.489300013,37.72377963
35.08,601.107605,0.490200013,37.72460742
35.15,600.1063843,0.491399735,37.72578903
35.21,599.093689,0.492449999,37.7268066
35.26,597.9432983,0.493499041,37.72764297
35.34,596.8803101,0.494849443,37.72893138
35.44,596.5687866,0.496499985,37.73061271
35.53,595.4109497,0.498149186,37.73212238
35.58,594.4094849,0.499049455,37.73295875
35.65,593.3787231,0.500249147,37.73414035
35.75,592.2334595,0.501900017,37.73578162
35.82,591.1616821,0.503099561,37.73694606
35.92,590.244812,0.504899442,37.73863597
36.02,589.4654541,0.506550014,37.74029346
36.12,588.1724854,0.508349836,37.74197479
36.19,587.0384521,0.509549558,37.74312301
36.26,585.9925537,0.510749578,37.74427982
36.35,584.9685059,0.512399435,37.74578185
36.45,584.2458496,0.514049828,37.74743839
36.55,583.2349243,0.51584971,37.74913688
36.62,581.9780884,0.517199337,37.75029369
36.67,580.8501587,0.5179497,37.75111385
36.7,579.8345337,0.518399835,37.75162216
36.76,578.7915649,0.519449711,37.75263114
36.86,577.7571411,0.521398246,37.75428863
36.96,576.6506958,0.523049831,37.75595374
37.02,575.6323853,0.524099886,37.7569551
37.07,574.5015259,0.52499944,37.75778289
37.14,573.3484497,0.526199162,37.75893207
37.2,572.3377075,0.527249336,37.75993247
37.26,571.0916138,0.528299034,37.76095004
37.33,570.0809937,0.529349983,37.76209827
37.42,568.9938354,0.530999839,37.76359935
37.47,567.7203979,0.53189975,37.76444431
37.53,566.6515503,0.532949865,37.76542945
37.6,565.4923706,0.534150004,37.76659389
37.64,564.3966675,0.534899712,37.76726718
37.69,563.2755737,0.535650015,37.76811214
37.74,562.0597534,0.536699474,37.76893993
37.82,560.8713989,0.538049996,37.77026935
37.89,559.5847778,0.539399207,37.77145095
37.94,558.5593872,0.540299594,37.77227874
37.98,557.4811401,0.541049182,37.77292724
38.02,556.3561401,0.541649163,37.77358337
38.07,555.1422729,0.542699456,37.77442832
38.13,554.0377808,0.543600023,37.77544589
38.17,552.9860229,0.544349611,37.77609344
38.22,551.9198608,0.545249879,37.77693076
38.26,550.8983765,0.545999467,37.77759548
38.31,549.8583374,0.546750009,37.77843185
38.39,548.7598267,0.548249304,37.77976127
38.45,547.6331177,0.549448907,37.78073688
38.5,546.3411255,0.550199449,37.78159042
38.56,545.2732544,0.551399171,37.7825994
38.65,544.0249634,0.553049982,37.78410907
38.68,542.9507446,0.553499162,37.78460975
38.72,541.9400024,0.554249167,37.78527351
38.8,540.8123169,0.555749297,37.78662772
38.84,539.7068481,0.556499481,37.78727527
38.88,538.5447388,0.557099998,37.7879314
38.97,537.4155273,0.558749974,37.78943343
39.03,536.3734131,0.559799969,37.79044242
39.08,535.2064209,0.560849965,37.79127879
39.13,533.9105225,0.561748624,37.79210754
39.17,532.8909912,0.562498927,37.79277988
39.23,531.8846436,0.563399315,37.79379745
39.3,530.8826904,0.564749718,37.79495426
39.38,529.7219849,0.566099167,37.79626651
39.44,528.4983521,0.567298889,37.79728408
39.5,527.2488403,0.568199337,37.79829307
39.54,526.180481,0.568799973,37.7989492
39.59,524.9607544,0.569849432,37.79977794
39.66,523.8684692,0.571198881,37.80097575
39.72,522.7283325,0.57224822,37.80198474
39.77,521.6511841,0.572999597,37.80279632
39.83,520.5708618,0.574049175,37.80377288
39.89,519.5066528,0.575099587,37.80479045
39.93,518.461731,0.575849175,37.80547138
39.99,517.2723389,0.576899707,37.80645563
40.05,516.2629395,0.578098238,37.80746461
40.1,515.2473145,0.578849614,37.80830099
40.15,514.2272949,0.579749882,37.80914594
40.2,513.2253418,0.580649197,37.80996706
40.26,512.1467285,0.581699312,37.81094266
40.32,510.9213562,0.5828982,37.81195165
40.37,509.7680359,0.583649576,37.81279661
40.43,508.6781921,0.584550023,37.81378175
40.49,507.4169617,0.585749865,37.81477453
40.53,506.4032898,0.586499453,37.8154545
40.59,505.1957703,0.587549448,37.81646444
40.65,503.9579773,0.588599741,37.81745626
40.7,502.7704773,0.58950001,37.81829359
40.74,501.704071,0.590248644,37.81894971
40.79,500.6943054,0.590999186,37.81980325
40.85,499.4999695,0.592199564,37.82078744
40.9,498.304657,0.593099833,37.8216076
40.94,497.266571,0.593849421,37.82227232
40.98,496.1161804,0.594599962,37.82293703
41.02,494.9482117,0.595199466,37.82361795
41.09,493.8414001,0.596549869,37.82479097
41.15,492.7134705,0.597599208,37.82576658
41.2,491.63974,0.598499477,37.8266039
41.25,490.4610291,0.599399745,37.82744886
41.3,489.4444275,0.600299835,37.82826902
41.34,488.4082947,0.601049423,37.82894136
41.39,487.2002869,0.601949692,37.82976247
41.44,486.0352478,0.602849305,37.83060743
41.48,484.8614197,0.603600025,37.83127119
41.53,483.6914978,0.604499459,37.83209993
41.59,482.4903259,0.605698228,37.83308507
41.63,481.4346619,0.606299877,37.83374883
41.66,480.4268494,0.606899738,37.83426572
41.71,479.3457947,0.607799292,37.83511068
41.76,478.217865,0.608550012,37.83594801
41.81,476.9737244,0.609599173,37.83677579
41.87,475.9219666,0.610649168,37.83776857
41.91,474.8995056,0.611249983,37.83844949
41.95,473.6563416,0.611999989,37.8391142
41.99,472.4805603,0.612899184,37.8397627
42.04,471.377533,0.613649726,37.84059049
42.09,470.3052673,0.614549994,37.84141923
42.13,469.2232361,0.6153,37.84210016
42.18,467.9195251,0.616348624,37.84294511
42.23,466.9141541,0.61724931,37.84376623
42.26,465.8418884,0.617699444,37.84426595
42.32,464.5850525,0.618898213,37.84526731
42.37,463.4878845,0.619499981,37.84610368
42.41,462.3111267,0.620399475,37.84676839
42.48,461.1092224,0.621749163,37.84791662
42.53,460.0057068,0.622648895,37.84875394
42.57,458.7557068,0.623398602,37.84942628
42.61,457.5799255,0.624148607,37.85010721
42.66,456.4324646,0.625049889,37.85094358
42.7,455.1824646,0.62564975,37.85160066
42.74,454.0525818,0.626399457,37.852273
42.78,452.922699,0.627149165,37.85294534
42.81,451.8338318,0.627749979,37.8534546
42.85,450.759613,0.628499568,37.85411836
42.89,449.6492615,0.629249156,37.85476686
42.93,448.6204529,0.629999697,37.85542299
42.97,447.5179138,0.630749285,37.85609628
43.01,446.4563904,0.631349146,37.85676862
43.06,445.3147888,0.632250011,37.85761358
43.09,444.2444763,0.632849991,37.85811426
43.14,442.9788513,0.63389945,37.85893442
43.17,441.9202576,0.634199977,37.85944273
43.21,440.6663513,0.635100007,37.86011602
43.24,439.6126404,0.635848224,37.86062433
43.27,438.575531,0.636299193,37.86113264
43.3,437.4134216,0.636899054,37.86163332
43.33,436.3333435,0.637499869,37.86212541
43.36,435.0247498,0.638098776,37.86261751
43.38,433.9739685,0.638548911,37.86293794
43.41,432.544281,0.639148772,37.86343767
43.43,431.5364685,0.639449179,37.86377431
43.45,430.4700623,0.639899313,37.86411096
43.49,429.184906,0.64049983,37.8647833
43.52,428.0501404,0.641099989,37.86528398
43.56,426.7796326,0.641849577,37.86595632
43.59,425.7229919,0.642599463,37.86646558
43.62,424.7132263,0.642899752,37.8669491
43.65,423.7073669,0.643499732,37.86745836
43.68,422.6351013,0.64410001,37.86796667
43.71,421.6194763,0.644699872,37.86847498
43.75,420.3362732,0.645599186,37.86914827
43.8,419.0257263,0.646349847,37.86995222
43.84,417.7366638,0.647099435,37.87062456
43.87,416.3401794,0.647699296,37.87111665
43.91,415.2366638,0.648449838,37.87178899
43.94,414.0354919,0.648899972,37.87230588
43.98,412.6653748,0.649649978,37.87296297
44.01,411.4720154,0.65024972,37.87346269
44.04,410.2727966,0.650849998,37.87395479
44.08,408.8841248,0.651600003,37.8746195
44.11,407.5540466,0.652199447,37.87512876
44.15,406.1360779,0.652949154,37.87580968
44.18,404.8704529,0.653549969,37.87630941
44.21,403.6985779,0.654148877,37.87680151
44.24,402.4056091,0.654599965,37.87730218
44.27,401.0989685,0.655199826,37.87778665
44.31,399.997406,0.655949414,37.87844278
44.35,398.5813904,0.656699002,37.8791237
44.38,397.2220154,0.657299817,37.87963201
44.4,396.1009216,0.657749951,37.87996007
44.42,394.8899841,0.658049405,37.88028814
44.44,393.6556091,0.658499539,37.88063337
44.46,392.5149841,0.658800006,37.88095285
44.48,391.3196716,0.659399867,37.88127328
44.51,389.9388123,0.659998775,37.88178159
44.54,388.6184998,0.660598636,37.88228227
44.58,387.3597107,0.661199987,37.88295461
44.62,386.2356873,0.662099302,37.88362695
44.66,384.9046326,0.662849844,37.88429166
44.7,383.6165466,0.663748205,37.88496496
44.74,382.2405701,0.664349198,37.8856125
44.8,381.0447693,0.665548921,37.88662149
44.85,379.8865662,0.666449308,37.88745882
44.89,378.6287537,0.66704917,37.88813116
44.93,377.5828552,0.667799711,37.88877966
44.98,376.2889099,0.668699741,37.88961603
45.02,375.2010498,0.669449866,37.89028026
45.07,373.9569092,0.670350015,37.89112522
45.13,372.8309326,0.671400011,37.89211036
45.17,371.6219482,0.67214942,37.89276649
45.2,370.4578857,0.672899425,37.89325859
45.24,369.2332764,0.673648238,37.89393951
45.29,368.1551514,0.674250007,37.89478447
45.34,367.032959,0.675449431,37.89561321
45.38,365.9216309,0.676049471,37.89627697
45.42,364.8366699,0.676799595,37.89692546
45.47,363.572998,0.677550018,37.89777042
45.5,362.4870605,0.678299606,37.8982711
45.53,361.1999512,0.678749979,37.89877941
45.56,360.0183105,0.67934972,37.8992715
45.59,358.8347168,0.679949999,37.8997636
45.62,357.8181152,0.680399716,37.90025569
45.65,356.720459,0.680999994,37.90075637
45.68,355.5036621,0.681749582,37.90125705
45.71,353.9450684,0.682200015,37.90177394
45.74,352.6442871,0.682799697,37.90227462
45.76,351.626709,0.683248878,37.9026189
45.79,350.376709,0.683699965,37.90310241
45.83,348.9440918,0.684449971,37.90377571
45.86,347.9089355,0.68519944,37.9042678
45.89,346.6901855,0.685649574,37.90477611
45.92,345.3210449,0.686249435,37.90526821
45.95,343.9675293,0.686850011,37.90577747
45.98,342.5749512,0.687449872,37.90628578
46,341.5495605,0.687900007,37.90660621
46.03,340.2858887,0.688498914,37.90708114
46.06,338.8171387,0.688950002,37.9075904
46.08,337.6374512,0.689549863,37.90790988
46.11,336.2409668,0.690299451,37.90841915
46.13,335.2331543,0.690450013,37.90876342
46.16,333.7019043,0.691200018,37.9092641
46.19,332.1530762,0.691649973,37.90977241
46.21,331.0241699,0.692248881,37.91010906
46.23,329.9831543,0.69239974,37.91044475
46.25,328.9597168,0.692999601,37.91076519
46.27,327.8093262,0.693448246,37.91110088
46.3,326.4343262,0.693899155,37.91159393
46.33,325.2097168,0.694499016,37.91209365
46.36,324.1413574,0.69494915,37.91260292
46.39,323.0437012,0.695849419,37.91311122
46.42,321.7429199,0.696299195,37.91360332
46.44,320.6296387,0.696449995,37.91393997
46.47,319.2019043,0.697199702,37.91443206
46.5,317.9343262,0.697650015,37.91491558
46.54,316.595459,0.698399723,37.91557266
46.57,315.4938965,0.69914943,37.91608097
46.6,314.0856934,0.699599981,37.91658927
46.63,312.4938965,0.700348616,37.91710617
46.66,311.1032715,0.700799167,37.91760685
46.7,309.9606934,0.701550007,37.91827919
46.73,308.9216309,0.702149868,37.91877128
46.76,307.6618652,0.702748775,37.91928054
46.79,306.5759277,0.703199863,37.91977264
46.82,305.2126465,0.703798771,37.92028095
46.86,304.1149902,0.704699993,37.92095424
46.89,302.9353027,0.705149174,37.92145397
46.93,301.6403809,0.705899477,37.92210247
46.96,300.2907715,0.706349969,37.92258598
46.99,299.0895996,0.707099438,37.92308666
47.03,298.0759277,0.707849026,37.92375995
47.07,296.8688965,0.708450019,37.92444088
47.1,295.7321777,0.70905,37.9249406
47.13,294.3864746,0.70964998,37.92544986
47.16,293.2419434,0.710249841,37.92594196
47.2,292.0524902,0.710849702,37.9266143
47.24,290.8425293,0.711898208,37.92728759
47.27,289.8249512,0.712199986,37.9277959
47.3,288.7175293,0.713098884,37.92830421
47.34,287.4509277,0.713698924,37.92896892
47.37,286.3864746,0.714150012,37.9294448
47.4,285.2243652,0.714898646,37.92994548
47.43,284.0095215,0.715349972,37.93044521
47.46,282.6462402,0.715949833,37.93093731
47.49,281.5192871,0.716549873,37.93143798
47.51,280.4724121,0.716849446,37.93178321
47.54,279.3005371,0.717599452,37.93228294
47.57,277.7731934,0.718199849,37.9327922
47.59,276.767334,0.718349993,37.93311168
47.63,275.079834,0.719249308,37.93379261
47.65,273.954834,0.719549716,37.93411304
47.69,272.9245605,0.720449209,37.93479301
47.72,271.4245605,0.721049428,37.93529369
47.76,270.1364746,0.721798658,37.9359832
47.78,268.9958496,0.722248197,37.93631889
47.81,267.8259277,0.722699165,37.93680336
47.84,266.4899902,0.723299444,37.93728782
47.87,265.4450684,0.724049985,37.93777992
47.9,264.1052246,0.724499166,37.93828823
47.92,262.9919434,0.724799573,37.93862487
47.95,261.4841309,0.725549161,37.93913318
47.98,260.0368652,0.726000011,37.93963386
48.01,258.8161621,0.726748645,37.94013359
48.04,257.2399902,0.727199197,37.94064285
48.07,255.9919586,0.727948248,37.94112636
48.1,254.6247711,0.728250027,37.94162704
48.13,253.3747711,0.728999436,37.94212772
48.16,251.7810211,0.729599297,37.9426284
48.19,250.4099274,0.730199158,37.94314434
48.22,249.0974274,0.730649292,37.94363739
48.24,248.0935211,0.731099427,37.94396545
48.27,246.7888336,0.731849968,37.94446518
48.3,245.6443024,0.732299209,37.94494964
48.33,244.3318024,0.73289907,37.94545032
48.36,243.1560211,0.733649611,37.94595863
48.39,241.9255524,0.734099448,37.94645073
48.42,240.5661774,0.734849989,37.94696762
48.44,239.4782867,0.734999716,37.94729568
48.46,238.200943,0.735450029,37.94762374
48.48,237.0017242,0.736048937,37.94796039
48.5,235.4079742,0.736199975,37.94828846
48.52,234.1150055,0.73664999,37.94861652
48.54,232.5329742,0.737399578,37.94894458
48.56,231.029068,0.73755002,37.94928123
48.58,229.4157867,0.738148928,37.94961788
48.6,227.888443,0.738599062,37.94996215
48.62,226.2126617,0.738899469,37.9502988
48.64,224.872818,0.739498377,37.95063449
48.66,223.3689117,0.73979944,37.95096256
48.68,222.1618805,0.740249574,37.95129921
48.7,220.9157867,0.740698755,37.95162727
48.72,219.5212555,0.74129957,37.95195533
48.74,217.9626617,0.741599441,37.9522834
48.76,216.419693,0.742048204,37.95262004
48.78,214.6462555,0.742499292,37.95294811
48.8,213.0954742,0.742949426,37.95328476
48.82,211.732193,0.743398249,37.95362045
48.84,210.404068,0.743699431,37.9539571
48.86,208.9079742,0.744299293,37.95430137
48.88,207.5329742,0.744599462,37.95462944
48.9,206.2556305,0.745048642,37.95496608
48.92,204.794693,0.74549973,37.95529415
48.94,203.3298492,0.745948911,37.95562221
48.96,202.2517242,0.746249318,37.95595886
48.98,200.8610992,0.746699452,37.95629551
49,199.513443,0.74729836,37.95660736
49.02,198.247818,0.747599423,37.95694305
49.04,197.0818024,0.748049557,37.9572797
49.06,195.9568024,0.748498738,37.95761634
49.09,194.4216461,0.749099553,37.95813324
49.11,193.2458649,0.749548733,37.95845272
49.14,191.7985992,0.750149429,37.9589534
49.16,190.6267242,0.750599563,37.95927288
49.18,189.5017242,0.751048744,37.95960952
49.2,188.4001617,0.751349449,37.959929
49.22,187.372818,0.751799583,37.96025802
49.24,186.122818,0.752248764,37.9606023
49.26,185.0056305,0.752698898,37.96093036
49.28,183.7439117,0.753000021,37.96127464
49.3,182.5954742,0.753449202,37.96161129
49.33,181.200943,0.754198194,37.96211196
49.35,180.1345367,0.754499555,37.96244766
49.38,178.6189117,0.754949987,37.96295692
49.41,177.1267242,0.755699575,37.96344043
49.44,175.7302399,0.756299973,37.96394111
49.47,174.3767242,0.756899714,37.96443321
49.5,172.8923492,0.757499993,37.96493389
49.52,171.482193,0.758099854,37.96526958
49.54,170.075943,0.758399308,37.96561481
49.56,168.6462555,0.758849978,37.96593429
49.58,167.1423492,0.759299994,37.96627094
49.6,165.6618805,0.759599447,37.966599
49.62,164.5056305,0.760049999,37.96692707
49.64,162.9314117,0.76064986,37.9672475
49.66,161.4626617,0.760949314,37.96759178
49.68,160.0837555,0.761399448,37.96791984
49.7,158.6657867,0.761849582,37.96824791
49.72,157.1032867,0.762298763,37.96860076
49.74,155.3064117,0.762899578,37.96894504
49.75,154.2829742,0.763049304,37.96910907
49.77,152.1501617,0.763499439,37.96944572
49.78,150.9548492,0.763798892,37.96960975
49.79,149.7048492,0.763949573,37.96978237
49.8,148.3689117,0.7640993,37.9699464
49.81,147.1032867,0.764549434,37.97011043
49.82,145.6892242,0.764848888,37.97027446
49.83,144.6110992,0.764999568,37.97044612
49.84,143.5564117,0.765299022,37.97061874
49.86,141.669693,0.765749156,37.9709468
49.88,140.1657867,0.766349971,37.97127487
49.9,138.6814117,0.766649425,37.97160293
49.91,137.9079742,0.766948879,37.97177555
